epoch,train_loss,train_acc,val_loss,val_acc,epoch_time_s,samples_per_sec,gpu_alloc_MB,gpu_reserved_MB,gpu_max_alloc_MB,gpu_max_reserved_MB,experiment
1,0.39365463478224616,0.7971428571428572,0.266552388270696,0.8833333333333333,0.4590681820009195,3049.6559223466197,64.009765625,66.0,64.02099609375,66.0,MLP2: HIDDEN_UNITS = 32
2,0.25829507163592746,0.8857142857142857,0.21927419165770212,0.92,0.04943592099880334,28319.48857661393,64.009765625,66.0,64.02099609375,66.0,MLP2: HIDDEN_UNITS = 32
3,0.19941528132983616,0.9178571428571428,0.18228570640087127,0.9266666666666666,0.05092359599802876,27492.16689359867,64.009765625,66.0,64.02099609375,66.0,MLP2: HIDDEN_UNITS = 32
4,0.16474585188286645,0.93,0.13147810339927674,0.96,0.05038195599991013,27787.726224890856,64.009765625,66.0,64.02099609375,66.0,MLP2: HIDDEN_UNITS = 32
5,0.13694462593112672,0.96,0.1143466317653656,0.9633333333333334,0.045320699999138014,30890.961525894956,64.009765625,66.0,64.02099609375,66.0,MLP2: HIDDEN_UNITS = 32
6,0.11902475246361324,0.9614285714285714,0.09800188293059667,0.9633333333333334,0.04691510200063931,29841.137294786706,64.009765625,66.0,64.02099609375,66.0,MLP2: HIDDEN_UNITS = 32
7,0.11052048027515411,0.9592857142857143,0.08747693330049515,0.96,0.04365085400058888,32072.68293035259,64.009765625,66.0,64.02099609375,66.0,MLP2: HIDDEN_UNITS = 32
8,0.103955508853708,0.9585714285714285,0.08371802975734075,0.9666666666666667,0.0430309120019956,32534.75083063714,64.009765625,66.0,64.02099609375,66.0,MLP2: HIDDEN_UNITS = 32
9,0.09762740224599838,0.97,0.07886049081881841,0.9666666666666667,0.04663651100054267,30019.3983204213,64.009765625,66.0,64.02099609375,66.0,MLP2: HIDDEN_UNITS = 32
10,0.09225373351148197,0.9685714285714285,0.07142146756251654,0.98,0.04655471799924271,30072.140057271386,64.009765625,66.0,64.02099609375,66.0,MLP2: HIDDEN_UNITS = 32
11,0.09077480064971107,0.9671428571428572,0.06573886921008427,0.9766666666666667,0.04696402400077204,29810.0520512677,64.009765625,66.0,64.02099609375,66.0,MLP2: HIDDEN_UNITS = 32
12,0.08885432982019016,0.9735714285714285,0.06590418626864751,0.9766666666666667,0.04605344000083278,30399.46635853226,64.009765625,66.0,64.02099609375,66.0,MLP2: HIDDEN_UNITS = 32
13,0.09115475109645299,0.965,0.07862046291430791,0.97,0.04530180900110281,30903.84315482675,64.009765625,66.0,64.02099609375,66.0,MLP2: HIDDEN_UNITS = 32
14,0.08973842497382845,0.9657142857142857,0.06495088155070941,0.98,0.042228897000313736,33152.65373825887,64.009765625,66.0,64.02099609375,66.0,MLP2: HIDDEN_UNITS = 32
15,0.08984056645206043,0.9685714285714285,0.05878936385114988,0.98,0.043870469999092165,31912.126768392747,64.009765625,66.0,64.02099609375,66.0,MLP2: HIDDEN_UNITS = 32
16,0.08152619660965034,0.9678571428571429,0.06925512492656707,0.9733333333333334,0.042294424998544855,33101.28935546865,64.009765625,66.0,64.02099609375,66.0,MLP2: HIDDEN_UNITS = 32
17,0.0857622985967568,0.965,0.0575517630080382,0.98,0.042207431000861106,33169.514628157245,64.009765625,66.0,64.02099609375,66.0,MLP2: HIDDEN_UNITS = 32
18,0.08870061989341463,0.9664285714285714,0.05958257898688316,0.9733333333333334,0.04195040900231106,33372.737794353176,64.009765625,66.0,64.02099609375,66.0,MLP2: HIDDEN_UNITS = 32
19,0.08188194313219616,0.97,0.057273193796475726,0.9766666666666667,0.04143400599787128,33788.67107544288,64.009765625,66.0,64.02099609375,66.0,MLP2: HIDDEN_UNITS = 32
20,0.07951256843549864,0.9721428571428572,0.059271576454242074,0.97,0.040020517000812106,34982.05682779138,64.009765625,66.0,64.02099609375,66.0,MLP2: HIDDEN_UNITS = 32
21,0.079569973051548,0.9728571428571429,0.05580535188317299,0.9766666666666667,0.04382088499914971,31948.236554947835,64.009765625,66.0,64.02099609375,66.0,MLP2: HIDDEN_UNITS = 32
22,0.08012067834713629,0.9721428571428572,0.05289182409644127,0.98,0.04005853700073203,34948.85497127407,64.009765625,66.0,64.02099609375,66.0,MLP2: HIDDEN_UNITS = 32
23,0.08257548668554851,0.9657142857142857,0.05209890484809875,0.98,0.0417334519988799,33546.23049244944,64.009765625,66.0,64.02099609375,66.0,MLP2: HIDDEN_UNITS = 32
24,0.08559343604104859,0.9678571428571429,0.05783949966231982,0.9733333333333334,0.042275301999325166,33116.262540770214,64.009765625,66.0,64.02099609375,66.0,MLP2: HIDDEN_UNITS = 32
25,0.07917889267206192,0.9692857142857143,0.054617496877908706,0.9766666666666667,0.04036283499954152,34685.3733147313,64.009765625,66.0,64.02099609375,66.0,MLP2: HIDDEN_UNITS = 32
26,0.07712125139577049,0.9721428571428572,0.05407203222314517,0.98,0.0389689189978526,35926.06713255627,64.009765625,66.0,64.02099609375,66.0,MLP2: HIDDEN_UNITS = 32
27,0.07800549960562161,0.9685714285714285,0.054109793057044345,0.98,0.04263995399742271,32833.056060159455,64.009765625,66.0,64.02099609375,66.0,MLP2: HIDDEN_UNITS = 32
28,0.07724361337721347,0.9707142857142858,0.054012969732284546,0.98,0.04073820800113026,34365.772789052426,64.009765625,66.0,64.02099609375,66.0,MLP2: HIDDEN_UNITS = 32
29,0.08491266731704984,0.9692857142857143,0.05662461782495181,0.9766666666666667,0.04163966300257016,33621.78987648355,64.009765625,66.0,64.02099609375,66.0,MLP2: HIDDEN_UNITS = 32
30,0.07952579354601247,0.9728571428571429,0.04929805224140485,0.9833333333333333,0.04242479900131002,32999.56706823219,64.009765625,66.0,64.02099609375,66.0,MLP2: HIDDEN_UNITS = 32
31,0.07789598986506462,0.97,0.055299243330955504,0.9766666666666667,0.04680462299802457,29911.575189038234,64.009765625,66.0,64.02099609375,66.0,MLP2: HIDDEN_UNITS = 32
32,0.07655726705278669,0.9735714285714285,0.05104405199488004,0.98,0.0454091999999946,30830.756762950383,64.009765625,66.0,64.02099609375,66.0,MLP2: HIDDEN_UNITS = 32
33,0.07610847484852587,0.9714285714285714,0.05174071605006854,0.98,0.046527885999239516,30089.48225206025,64.009765625,66.0,64.02099609375,66.0,MLP2: HIDDEN_UNITS = 32
34,0.07669944855783667,0.9714285714285714,0.0610396113495032,0.9766666666666667,0.04627715999959037,30252.504691566908,64.009765625,66.0,64.02099609375,66.0,MLP2: HIDDEN_UNITS = 32
35,0.07376125961542129,0.9721428571428572,0.04881779591242472,0.9833333333333333,0.05413480700008222,25861.364943960616,64.009765625,66.0,64.02099609375,66.0,MLP2: HIDDEN_UNITS = 32
36,0.07675434710724013,0.9728571428571429,0.049184583872556684,0.98,0.05928435700116097,23614.99847206884,64.009765625,66.0,64.02099609375,66.0,MLP2: HIDDEN_UNITS = 32
37,0.07768517031201294,0.9692857142857143,0.05025811299681664,0.9766666666666667,0.05509636499846238,25410.024781835808,64.009765625,66.0,64.02099609375,66.0,MLP2: HIDDEN_UNITS = 32
38,0.07685839244297572,0.9728571428571429,0.05433933362364769,0.98,0.0534344340012467,26200.33366438084,64.009765625,66.0,64.02099609375,66.0,MLP2: HIDDEN_UNITS = 32
39,0.07890565584812846,0.9707142857142858,0.049010704308748244,0.98,0.053211020000162534,26310.339474712637,64.009765625,66.0,64.02099609375,66.0,MLP2: HIDDEN_UNITS = 32
40,0.08208690528358732,0.97,0.060397859662771225,0.9733333333333334,0.05244937800307525,26692.40424391523,64.009765625,66.0,64.02099609375,66.0,MLP2: HIDDEN_UNITS = 32
41,0.07639330355184419,0.9707142857142858,0.07350010737776756,0.9733333333333334,0.05941504599832115,23563.055055777604,64.009765625,66.0,64.02099609375,66.0,MLP2: HIDDEN_UNITS = 32
42,0.07822298997214862,0.9685714285714285,0.0524235570927461,0.9833333333333333,0.058679248999396805,23858.519389271518,64.009765625,66.0,64.02099609375,66.0,MLP2: HIDDEN_UNITS = 32
43,0.07640192572426584,0.97,0.05439278185367584,0.9766666666666667,0.06134390199804329,22822.154352761198,64.009765625,66.0,64.02099609375,66.0,MLP2: HIDDEN_UNITS = 32
44,0.07598642274737358,0.9742857142857143,0.04844555432597796,0.98,0.054709220999939134,25589.83612655639,64.009765625,66.0,64.02099609375,66.0,MLP2: HIDDEN_UNITS = 32
45,0.07743200378226382,0.9692857142857143,0.07152287224928539,0.9633333333333334,0.054897072001040215,25502.270867442112,64.009765625,66.0,64.02099609375,66.0,MLP2: HIDDEN_UNITS = 32
46,0.07791956039411681,0.9678571428571429,0.049461190551519395,0.98,0.06392046799737727,21902.217612947446,64.009765625,66.0,64.02099609375,66.0,MLP2: HIDDEN_UNITS = 32
47,0.08145035258893456,0.9671428571428572,0.0509301395714283,0.9766666666666667,0.06703728700085776,20883.900029875713,64.009765625,66.0,64.02099609375,66.0,MLP2: HIDDEN_UNITS = 32
48,0.07583466624575001,0.9707142857142858,0.05059549495577812,0.9766666666666667,0.04743818900169572,29512.08782337698,64.009765625,66.0,64.02099609375,66.0,MLP2: HIDDEN_UNITS = 32
49,0.07694865121905292,0.9714285714285714,0.0496150554716587,0.98,0.041701298996486,33572.09568263023,64.009765625,66.0,64.02099609375,66.0,MLP2: HIDDEN_UNITS = 32
50,0.08048617563077382,0.9692857142857143,0.04914386024077733,0.9833333333333333,0.05089644899999257,27506.830584589592,64.009765625,66.0,64.02099609375,66.0,MLP2: HIDDEN_UNITS = 32
51,0.07560230927807944,0.9671428571428572,0.05080930605530739,0.98,0.04678914099713438,29921.472593090424,64.009765625,66.0,64.02099609375,66.0,MLP2: HIDDEN_UNITS = 32
52,0.07943529279104301,0.9714285714285714,0.05257807220021884,0.98,0.04116052600147668,34013.17077312795,64.009765625,66.0,64.02099609375,66.0,MLP2: HIDDEN_UNITS = 32
53,0.07670836623225893,0.97,0.047610062261422476,0.9733333333333334,0.040948690999357495,34189.12707177787,64.009765625,66.0,64.02099609375,66.0,MLP2: HIDDEN_UNITS = 32
54,0.07791924020009382,0.97,0.049061415096124016,0.98,0.0407292560012138,34373.32614075439,64.009765625,66.0,64.02099609375,66.0,MLP2: HIDDEN_UNITS = 32
55,0.07808619456631796,0.9671428571428572,0.04812619502345721,0.9766666666666667,0.040060680999886245,34946.98455086112,64.009765625,66.0,64.02099609375,66.0,MLP2: HIDDEN_UNITS = 32
56,0.07790780391544104,0.9714285714285714,0.05322908322016398,0.9766666666666667,0.04070767200028058,34391.55154808043,64.009765625,66.0,64.02099609375,66.0,MLP2: HIDDEN_UNITS = 32
57,0.07558329733354704,0.9742857142857143,0.05728251357873281,0.9733333333333334,0.03972877400155994,35238.942937051856,64.009765625,66.0,64.02099609375,66.0,MLP2: HIDDEN_UNITS = 32
58,0.0786740881204605,0.9707142857142858,0.052243748853604,0.98,0.044140514997707214,31716.893200560076,64.009765625,66.0,64.02099609375,66.0,MLP2: HIDDEN_UNITS = 32
59,0.0739409690456731,0.9735714285714285,0.05056467612584432,0.98,0.04182700300225406,33471.20040908869,64.009765625,66.0,64.02099609375,66.0,MLP2: HIDDEN_UNITS = 32
60,0.07649339436420373,0.9728571428571429,0.05622391338149706,0.9766666666666667,0.041076137000345625,34083.04924068736,64.009765625,66.0,64.02099609375,66.0,MLP2: HIDDEN_UNITS = 32
61,0.08139183552137443,0.9685714285714285,0.05283317332466443,0.98,0.04259881200050586,32864.76627525141,64.009765625,66.0,64.02099609375,66.0,MLP2: HIDDEN_UNITS = 32
62,0.07868990768279348,0.97,0.0519614976644516,0.98,0.04230057799941278,33096.47447416522,64.009765625,66.0,64.02099609375,66.0,MLP2: HIDDEN_UNITS = 32
63,0.07538585658052138,0.9728571428571429,0.05555651714404424,0.9766666666666667,0.04175698799735983,33527.322422980265,64.009765625,66.0,64.02099609375,66.0,MLP2: HIDDEN_UNITS = 32
64,0.07432599809552942,0.9685714285714285,0.07415557975570361,0.97,0.04132662300253287,33876.46747507522,64.009765625,66.0,64.02099609375,66.0,MLP2: HIDDEN_UNITS = 32
65,0.08091959670186043,0.9685714285714285,0.045997881790002186,0.9833333333333333,0.0408428320006351,34277.74058317578,64.009765625,66.0,64.02099609375,66.0,MLP2: HIDDEN_UNITS = 32
66,0.07473335351262773,0.9735714285714285,0.04814782738685608,0.9766666666666667,0.04125909099821001,33931.915757929266,64.009765625,66.0,64.02099609375,66.0,MLP2: HIDDEN_UNITS = 32
67,0.0813128525018692,0.97,0.05215195879340172,0.98,0.041019534997758456,34130.079730950245,64.009765625,66.0,64.02099609375,66.0,MLP2: HIDDEN_UNITS = 32
68,0.07671580003308398,0.9721428571428572,0.047166289935509365,0.98,0.040777811998850666,34332.39625606836,64.009765625,66.0,64.02099609375,66.0,MLP2: HIDDEN_UNITS = 32
69,0.0747927983637367,0.9742857142857143,0.05350226576129596,0.98,0.041145589002553606,34025.51850486603,64.009765625,66.0,64.02099609375,66.0,MLP2: HIDDEN_UNITS = 32
70,0.07673069945935693,0.9692857142857143,0.050285294304291406,0.98,0.03901095999754034,35887.35063398262,64.009765625,66.0,64.02099609375,66.0,MLP2: HIDDEN_UNITS = 32
71,0.07438437856733798,0.9721428571428572,0.0473446856935819,0.9833333333333333,0.04367995400025393,32051.315804770795,64.009765625,66.0,64.02099609375,66.0,MLP2: HIDDEN_UNITS = 32
72,0.07315796449780464,0.9735714285714285,0.04761806279420853,0.98,0.03905230500095058,35849.356394351686,64.009765625,66.0,64.02099609375,66.0,MLP2: HIDDEN_UNITS = 32
73,0.07320908032357692,0.9707142857142858,0.05091628730297089,0.9766666666666667,0.04009702600160381,34915.30768251996,64.009765625,66.0,64.02099609375,66.0,MLP2: HIDDEN_UNITS = 32
74,0.07885241463780403,0.9678571428571429,0.048731158822774887,0.98,0.039692894999461714,35270.79594519336,64.009765625,66.0,64.02099609375,66.0,MLP2: HIDDEN_UNITS = 32
75,0.07471209529255117,0.9714285714285714,0.04567151849468549,0.98,0.03943245300251874,35503.751184603585,64.009765625,66.0,64.02099609375,66.0,MLP2: HIDDEN_UNITS = 32
76,0.07641121591308288,0.97,0.055315814862648645,0.9766666666666667,0.03846159399836324,36399.947440024924,64.009765625,66.0,64.02099609375,66.0,MLP2: HIDDEN_UNITS = 32
77,0.0741605910233089,0.9764285714285714,0.04643227055668831,0.98,0.03862338800172438,36247.467465502916,64.009765625,66.0,64.02099609375,66.0,MLP2: HIDDEN_UNITS = 32
78,0.07352527110704354,0.9714285714285714,0.04603997632861137,0.98,0.03986926899960963,35114.76470796863,64.009765625,66.0,64.02099609375,66.0,MLP2: HIDDEN_UNITS = 32
79,0.07486439211027963,0.9735714285714285,0.04783058320482572,0.98,0.04068825600188575,34407.962826794916,64.009765625,66.0,64.02099609375,66.0,MLP2: HIDDEN_UNITS = 32
80,0.07420440390706062,0.9707142857142858,0.057562500337759656,0.9766666666666667,0.04781380900021759,29280.244123483844,64.009765625,66.0,64.02099609375,66.0,MLP2: HIDDEN_UNITS = 32
81,0.07556760310062341,0.9721428571428572,0.052109667360782624,0.98,0.053076724998391,26376.910030572544,64.009765625,66.0,64.02099609375,66.0,MLP2: HIDDEN_UNITS = 32
82,0.07602425672113895,0.9735714285714285,0.04762904827793439,0.98,0.05427281900119851,25795.601292961834,64.009765625,66.0,64.02099609375,66.0,MLP2: HIDDEN_UNITS = 32
83,0.07253061227500439,0.9728571428571429,0.048151161919037504,0.98,0.05858724800054915,23895.985010029442,64.009765625,66.0,64.02099609375,66.0,MLP2: HIDDEN_UNITS = 32
84,0.07231538617185183,0.975,0.05496256068348884,0.9766666666666667,0.06187195899838116,22627.37470518155,64.009765625,66.0,64.02099609375,66.0,MLP2: HIDDEN_UNITS = 32
85,0.07521342703274318,0.9714285714285714,0.04548033873240153,0.9833333333333333,0.054406559000199195,25732.191590996856,64.009765625,66.0,64.02099609375,66.0,MLP2: HIDDEN_UNITS = 32
86,0.0739959593223674,0.9692857142857143,0.05430947547157605,0.98,0.062149831999704475,22526.207311496146,64.009765625,66.0,64.02099609375,66.0,MLP2: HIDDEN_UNITS = 32
87,0.07431204224271434,0.9692857142857143,0.04739709412058195,0.98,0.054164540000783745,25847.16864538575,64.009765625,66.0,64.02099609375,66.0,MLP2: HIDDEN_UNITS = 32
88,0.07623269965606076,0.9685714285714285,0.051051743974288306,0.98,0.05741675399985979,24383.12691803195,64.009765625,66.0,64.02099609375,66.0,MLP2: HIDDEN_UNITS = 32
89,0.07234365918274437,0.9678571428571429,0.047108011643091835,0.98,0.05755918599970755,24322.790110463222,64.009765625,66.0,64.02099609375,66.0,MLP2: HIDDEN_UNITS = 32
90,0.07551712986614023,0.9685714285714285,0.04789687896768252,0.98,0.059249805999570526,23628.769350065853,64.009765625,66.0,64.02099609375,66.0,MLP2: HIDDEN_UNITS = 32
91,0.07450935762907777,0.9735714285714285,0.047740480055411656,0.98,0.05644436599686742,24803.1840782426,64.009765625,66.0,64.02099609375,66.0,MLP2: HIDDEN_UNITS = 32
92,0.07623883723148278,0.9728571428571429,0.047574619551499685,0.9766666666666667,0.05700233300012769,24560.398255925134,64.009765625,66.0,64.02099609375,66.0,MLP2: HIDDEN_UNITS = 32
93,0.07390921021678618,0.9692857142857143,0.04473394751548767,0.98,0.05712621900238446,24507.13568040559,64.009765625,66.0,64.02099609375,66.0,MLP2: HIDDEN_UNITS = 32
94,0.0751085856024708,0.9692857142857143,0.04978804002205531,0.9766666666666667,0.054042952997406246,25905.32016389245,64.009765625,66.0,64.02099609375,66.0,MLP2: HIDDEN_UNITS = 32
95,0.07634437315165997,0.97,0.046086422950029376,0.98,0.06224572899736813,22491.502992264654,64.009765625,66.0,64.02099609375,66.0,MLP2: HIDDEN_UNITS = 32
96,0.07320835583976337,0.9707142857142858,0.04887874936064084,0.98,0.055019431998516666,25445.555309217736,64.009765625,66.0,64.02099609375,66.0,MLP2: HIDDEN_UNITS = 32
97,0.07318284185869353,0.9742857142857143,0.05368443315227826,0.9766666666666667,0.060916275997442426,22982.363532182746,64.009765625,66.0,64.02099609375,66.0,MLP2: HIDDEN_UNITS = 32
98,0.07082776978611946,0.9728571428571429,0.060298020889361696,0.98,0.06125131799853989,22856.65101987476,64.009765625,66.0,64.02099609375,66.0,MLP2: HIDDEN_UNITS = 32
99,0.07783186930763934,0.9707142857142858,0.0847290093700091,0.9533333333333334,0.06008961900079157,23298.533478495803,64.009765625,66.0,64.02099609375,66.0,MLP2: HIDDEN_UNITS = 32
100,0.07599576854812247,0.9657142857142857,0.04465666964650154,0.9833333333333333,0.06022141399807879,23247.544470554334,64.009765625,66.0,64.02099609375,66.0,MLP2: HIDDEN_UNITS = 32
